{
  "mtimes": {
    "9ea1d3db-b99e-48a1-8015-70a9278e7a8d": {
      "assetMtime": 1565687562276,
      "metaMtime": 1565687562278
    },
    "0508d28c-fa4a-4860-9d19-2bae8b1ede63": {
      "assetMtime": 1565674447000,
      "metaMtime": 1565687549352
    },
    "4e0bd1ea-9514-419d-8bd7-7abd2baddd65": {
      "assetMtime": 1565674447000,
      "metaMtime": 1565687549352
    },
    "13834a87-57fe-40a7-bc47-2a2603435e4e": {
      "assetMtime": 1565674684000,
      "metaMtime": 1565687549428
    },
    "38ba81b1-f9be-4bc2-abd6-cf435a2d4684": {
      "assetMtime": 1565674684000,
      "metaMtime": 1565687549428
    },
    "27720240-2295-4a90-8c42-427f6b795d43": {
      "assetMtime": 1565674431000,
      "metaMtime": 1565687549323
    },
    "fbf6ae5a-cdb9-4f52-a967-74176c338600": {
      "assetMtime": 1565674431000,
      "metaMtime": 1565687549323
    },
    "39da623e-06c9-41eb-97d4-90772a7f3a8b": {
      "assetMtime": 1565674655000,
      "metaMtime": 1565687549421
    },
    "1520ade9-16c8-4497-a51a-fb7173620e48": {
      "assetMtime": 1565674655000,
      "metaMtime": 1565687549421
    },
    "429ed6a9-c265-4c65-8774-5ad069b9bdc3": {
      "assetMtime": 1565674716000,
      "metaMtime": 1565687549283
    },
    "812add2b-2167-4907-ad63-9c86089bd219": {
      "assetMtime": 1565674716000,
      "metaMtime": 1565687549283
    },
    "4f92fa98-53e3-4988-9257-f5e1311fb155": {
      "assetMtime": 1565674700000,
      "metaMtime": 1565687549457
    },
    "bfe4e613-eded-49e8-8306-d90c45e13f46": {
      "assetMtime": 1565674700000,
      "metaMtime": 1565687549457
    },
    "7d61259c-1b84-45cb-aac5-29ebca578d25": {
      "assetMtime": 1565674477000,
      "metaMtime": 1565687549387
    },
    "b9f91cd0-ffbc-49b6-af50-caec5cdbe245": {
      "assetMtime": 1565674477000,
      "metaMtime": 1565687549387
    },
    "957146fa-1628-4516-9c10-d7003d7ada4a": {
      "assetMtime": 1565674463000,
      "metaMtime": 1565687549358
    },
    "764c6433-34c4-4921-b321-08e995b55271": {
      "assetMtime": 1565674463000,
      "metaMtime": 1565687549358
    },
    "b2f76e51-3351-444d-8725-15300d614844": {
      "assetMtime": 1565674642000,
      "metaMtime": 1565687549394
    },
    "ec08e777-e3a7-4437-9732-55d9b2c3f385": {
      "assetMtime": 1565674642000,
      "metaMtime": 1565687549394
    },
    "c6950af1-f805-4850-8c0f-361549dca1d9": {
      "assetMtime": 1565674417000,
      "metaMtime": 1565687549290
    },
    "75806348-20e8-4282-9d0e-cbbd60d0c3ce": {
      "assetMtime": 1565674417000,
      "metaMtime": 1565687549290
    },
    "dd31bbd9-79f5-4521-a7f8-49559d3d71f9": {
      "assetMtime": 1565674736000,
      "metaMtime": 1565687549317
    },
    "38f76b09-e3ff-4280-99a8-ab89ea8e16a1": {
      "assetMtime": 1565674736000,
      "metaMtime": 1565687549317
    }
  },
  "result": {
    "name": "AutoAtlas",
    "width": 1024,
    "height": 1024,
    "ver": "1.2.0",
    "uuid": "9ea1d3db-b99e-48a1-8015-70a9278e7a8d",
    "maxWidth": 1024,
    "maxHeight": 1024,
    "padding": 2,
    "allowRotation": true,
    "forceSquared": false,
    "powerOfTwo": false,
    "algorithm": "MaxRects",
    "format": "png",
    "quality": 80,
    "contourBleed": true,
    "paddingBleed": true,
    "filterUnused": false,
    "platformSettings": {},
    "subMetas": {},
    "bleed": 1,
    "atlases": [
      {
        "files": [
          {
            "name": "7",
            "uuid": "39da623e-06c9-41eb-97d4-90772a7f3a8b",
            "textureUuid": "1520ade9-16c8-4497-a51a-fb7173620e48",
            "path": "/Users/chenye/GitHub/HorseRace/HorseRaceClient/temp/trimImages/spritesheet_js_1565687565487_image_3.png",
            "trim": {
              "x": 3,
              "y": 3,
              "width": 120,
              "height": 239,
              "rotatedWidth": 239,
              "rotatedHeight": 120
            },
            "rawWidth": 512,
            "rawHeight": 512,
            "width": 126,
            "height": 245,
            "originalPath": "/Users/chenye/GitHub/HorseRace/HorseRaceClient/library/imports/15/1520ade9-16c8-4497-a51a-fb7173620e48.png",
            "x": 0,
            "y": 0,
            "rotated": true,
            "rotatedWidth": 245,
            "rotatedHeight": 126
          },
          {
            "name": "6",
            "uuid": "b2f76e51-3351-444d-8725-15300d614844",
            "textureUuid": "ec08e777-e3a7-4437-9732-55d9b2c3f385",
            "path": "/Users/chenye/GitHub/HorseRace/HorseRaceClient/temp/trimImages/spritesheet_js_1565687565488_image_8.png",
            "trim": {
              "x": 248,
              "y": 3,
              "width": 111,
              "height": 214,
              "rotatedWidth": 111,
              "rotatedHeight": 214
            },
            "rawWidth": 512,
            "rawHeight": 512,
            "width": 117,
            "height": 220,
            "originalPath": "/Users/chenye/GitHub/HorseRace/HorseRaceClient/library/imports/ec/ec08e777-e3a7-4437-9732-55d9b2c3f385.png",
            "x": 245,
            "y": 0,
            "rotatedWidth": 117,
            "rotatedHeight": 220
          },
          {
            "name": "8",
            "uuid": "13834a87-57fe-40a7-bc47-2a2603435e4e",
            "textureUuid": "38ba81b1-f9be-4bc2-abd6-cf435a2d4684",
            "path": "/Users/chenye/GitHub/HorseRace/HorseRaceClient/temp/trimImages/spritesheet_js_1565687565487_image_1.png",
            "trim": {
              "x": 3,
              "y": 129,
              "width": 122,
              "height": 238,
              "rotatedWidth": 238,
              "rotatedHeight": 122
            },
            "rawWidth": 512,
            "rawHeight": 512,
            "width": 128,
            "height": 244,
            "originalPath": "/Users/chenye/GitHub/HorseRace/HorseRaceClient/library/imports/38/38ba81b1-f9be-4bc2-abd6-cf435a2d4684.png",
            "x": 0,
            "y": 126,
            "rotated": true,
            "rotatedWidth": 244,
            "rotatedHeight": 128
          },
          {
            "name": "11",
            "uuid": "dd31bbd9-79f5-4521-a7f8-49559d3d71f9",
            "textureUuid": "38f76b09-e3ff-4280-99a8-ab89ea8e16a1",
            "path": "/Users/chenye/GitHub/HorseRace/HorseRaceClient/temp/trimImages/spritesheet_js_1565687565488_image_10.png",
            "trim": {
              "x": 3,
              "y": 257,
              "width": 128,
              "height": 218,
              "rotatedWidth": 218,
              "rotatedHeight": 128
            },
            "rawWidth": 512,
            "rawHeight": 512,
            "width": 134,
            "height": 224,
            "originalPath": "/Users/chenye/GitHub/HorseRace/HorseRaceClient/library/imports/38/38f76b09-e3ff-4280-99a8-ab89ea8e16a1.png",
            "x": 0,
            "y": 254,
            "rotated": true,
            "rotatedWidth": 224,
            "rotatedHeight": 134
          },
          {
            "name": "9",
            "uuid": "4f92fa98-53e3-4988-9257-f5e1311fb155",
            "textureUuid": "bfe4e613-eded-49e8-8306-d90c45e13f46",
            "path": "/Users/chenye/GitHub/HorseRace/HorseRaceClient/temp/trimImages/spritesheet_js_1565687565487_image_5.png",
            "trim": {
              "x": 227,
              "y": 257,
              "width": 122,
              "height": 177,
              "rotatedWidth": 122,
              "rotatedHeight": 177
            },
            "rawWidth": 512,
            "rawHeight": 512,
            "width": 128,
            "height": 183,
            "originalPath": "/Users/chenye/GitHub/HorseRace/HorseRaceClient/library/imports/bf/bfe4e613-eded-49e8-8306-d90c45e13f46.png",
            "x": 224,
            "y": 254,
            "rotatedWidth": 128,
            "rotatedHeight": 183
          },
          {
            "name": "10",
            "uuid": "429ed6a9-c265-4c65-8774-5ad069b9bdc3",
            "textureUuid": "812add2b-2167-4907-ad63-9c86089bd219",
            "path": "/Users/chenye/GitHub/HorseRace/HorseRaceClient/temp/trimImages/spritesheet_js_1565687565487_image_4.png",
            "trim": {
              "x": 3,
              "y": 391,
              "width": 138,
              "height": 209,
              "rotatedWidth": 209,
              "rotatedHeight": 138
            },
            "rawWidth": 512,
            "rawHeight": 512,
            "width": 144,
            "height": 215,
            "originalPath": "/Users/chenye/GitHub/HorseRace/HorseRaceClient/library/imports/81/812add2b-2167-4907-ad63-9c86089bd219.png",
            "x": 0,
            "y": 388,
            "rotated": true,
            "rotatedWidth": 215,
            "rotatedHeight": 144
          },
          {
            "name": "2",
            "uuid": "27720240-2295-4a90-8c42-427f6b795d43",
            "textureUuid": "fbf6ae5a-cdb9-4f52-a967-74176c338600",
            "path": "/Users/chenye/GitHub/HorseRace/HorseRaceClient/temp/trimImages/spritesheet_js_1565687565487_image_2.png",
            "trim": {
              "x": 218,
              "y": 440,
              "width": 139,
              "height": 184,
              "rotatedWidth": 139,
              "rotatedHeight": 184
            },
            "rawWidth": 512,
            "rawHeight": 512,
            "width": 145,
            "height": 190,
            "originalPath": "/Users/chenye/GitHub/HorseRace/HorseRaceClient/library/imports/fb/fbf6ae5a-cdb9-4f52-a967-74176c338600.png",
            "x": 215,
            "y": 437,
            "rotatedWidth": 145,
            "rotatedHeight": 190
          },
          {
            "name": "5",
            "uuid": "7d61259c-1b84-45cb-aac5-29ebca578d25",
            "textureUuid": "b9f91cd0-ffbc-49b6-af50-caec5cdbe245",
            "path": "/Users/chenye/GitHub/HorseRace/HorseRaceClient/temp/trimImages/spritesheet_js_1565687565487_image_6.png",
            "trim": {
              "x": 3,
              "y": 535,
              "width": 148,
              "height": 203,
              "rotatedWidth": 203,
              "rotatedHeight": 148
            },
            "rawWidth": 512,
            "rawHeight": 512,
            "width": 154,
            "height": 209,
            "originalPath": "/Users/chenye/GitHub/HorseRace/HorseRaceClient/library/imports/b9/b9f91cd0-ffbc-49b6-af50-caec5cdbe245.png",
            "x": 0,
            "y": 532,
            "rotated": true,
            "rotatedWidth": 209,
            "rotatedHeight": 154
          },
          {
            "name": "1",
            "uuid": "c6950af1-f805-4850-8c0f-361549dca1d9",
            "textureUuid": "75806348-20e8-4282-9d0e-cbbd60d0c3ce",
            "path": "/Users/chenye/GitHub/HorseRace/HorseRaceClient/temp/trimImages/spritesheet_js_1565687565488_image_9.png",
            "trim": {
              "x": 212,
              "y": 630,
              "width": 146,
              "height": 193,
              "rotatedWidth": 146,
              "rotatedHeight": 193
            },
            "rawWidth": 512,
            "rawHeight": 512,
            "width": 152,
            "height": 199,
            "originalPath": "/Users/chenye/GitHub/HorseRace/HorseRaceClient/library/imports/75/75806348-20e8-4282-9d0e-cbbd60d0c3ce.png",
            "x": 209,
            "y": 627,
            "rotatedWidth": 152,
            "rotatedHeight": 199
          },
          {
            "name": "4",
            "uuid": "957146fa-1628-4516-9c10-d7003d7ada4a",
            "textureUuid": "764c6433-34c4-4921-b321-08e995b55271",
            "path": "/Users/chenye/GitHub/HorseRace/HorseRaceClient/temp/trimImages/spritesheet_js_1565687565488_image_7.png",
            "trim": {
              "x": 3,
              "y": 689,
              "width": 137,
              "height": 202,
              "rotatedWidth": 202,
              "rotatedHeight": 137
            },
            "rawWidth": 512,
            "rawHeight": 512,
            "width": 143,
            "height": 208,
            "originalPath": "/Users/chenye/GitHub/HorseRace/HorseRaceClient/library/imports/76/764c6433-34c4-4921-b321-08e995b55271.png",
            "x": 0,
            "y": 686,
            "rotated": true,
            "rotatedWidth": 208,
            "rotatedHeight": 143
          },
          {
            "name": "3",
            "uuid": "0508d28c-fa4a-4860-9d19-2bae8b1ede63",
            "textureUuid": "4e0bd1ea-9514-419d-8bd7-7abd2baddd65",
            "path": "/Users/chenye/GitHub/HorseRace/HorseRaceClient/temp/trimImages/spritesheet_js_1565687565486_image_0.png",
            "trim": {
              "x": 3,
              "y": 832,
              "width": 143,
              "height": 199,
              "rotatedWidth": 199,
              "rotatedHeight": 143
            },
            "rawWidth": 512,
            "rawHeight": 512,
            "width": 149,
            "height": 205,
            "originalPath": "/Users/chenye/GitHub/HorseRace/HorseRaceClient/library/imports/4e/4e0bd1ea-9514-419d-8bd7-7abd2baddd65.png",
            "x": 0,
            "y": 829,
            "rotated": true,
            "rotatedWidth": 205,
            "rotatedHeight": 149
          }
        ],
        "width": 362,
        "height": 978,
        "name": "AutoAtlas-1",
        "imagePath": "/Users/chenye/GitHub/HorseRace/HorseRaceClient/temp/TexturePacker/preview/Res/subAtlas/blue/AutoAtlas.pac/AutoAtlas-1.png"
      }
    ],
    "unpackedTextures": []
  }
}