{
  "__type__": "cc.AnimationClip",
  "_name": "jump_1",
  "_objFlags": 0,
  "_native": "",
  "_duration": 0.875,
  "sample": 8,
  "speed": 1,
  "wrapMode": 1,
  "curveData": {
    "comps": {
      "cc.Sprite": {
        "spriteFrame": [
          {
            "frame": 0,
            "value": {
              "__uuid__": "52121b1c-9686-4c9f-8781-5988ea65009b"
            }
          },
          {
            "frame": 0.125,
            "value": {
              "__uuid__": "e4cc5c2d-3857-498e-8283-6fc037c241b5"
            }
          },
          {
            "frame": 0.25,
            "value": {
              "__uuid__": "a31afd82-d060-4f72-ab71-f60a692764d5"
            }
          },
          {
            "frame": 0.375,
            "value": {
              "__uuid__": "da665ba2-cb24-4c6c-9881-b05aa17faadc"
            }
          },
          {
            "frame": 0.5,
            "value": {
              "__uuid__": "2491a82e-c584-46e7-b5b0-134fc8ba803a"
            }
          },
          {
            "frame": 0.625,
            "value": {
              "__uuid__": "65503b19-89ec-48e5-b4fc-1d8014db4a65"
            }
          },
          {
            "frame": 0.75,
            "value": {
              "__uuid__": "bf8d971b-be89-429d-a8c0-4ec421a8468b"
            }
          }
        ]
      }
    },
    "props": {
      "y": [
        {
          "frame": 0,
          "value": -290
        },
        {
          "frame": 0.375,
          "value": -110
        },
        {
          "frame": 0.75,
          "value": -290
        }
      ]
    }
  },
  "events": [
    {
      "frame": 0.75,
      "func": "onJumpDown",
      "params": []
    }
  ]
}