{
  "version": "1.1.1",
  "windows": {
    "worker": {},
    "main": {
      "main": true,
      "url": "app://editor/index.html",
      "windowType": "dockable",
      "x": 0,
      "y": 23,
      "width": 1440,
      "height": 837,
      "layout": {
        "children": [
          {
            "children": [
              {
                "children": [
                  {
                    "active": 0,
                    "children": [
                      "scene"
                    ],
                    "height": 398,
                    "type": "panel",
                    "width": 801.984375
                  },
                  {
                    "active": 0,
                    "children": [
                      "hierarchy"
                    ],
                    "height": 398,
                    "type": "panel",
                    "width": 292
                  }
                ],
                "height": 398,
                "type": "dock-h",
                "width": 1095.984375
              },
              {
                "children": [
                  {
                    "active": 0,
                    "children": [
                      "console",
                      "timeline",
                      "game-window"
                    ],
                    "height": 355,
                    "type": "panel",
                    "width": 801.984375
                  },
                  {
                    "active": 0,
                    "children": [
                      "assets"
                    ],
                    "height": 355,
                    "type": "panel",
                    "width": 292
                  }
                ],
                "height": 355,
                "type": "dock-h",
                "width": 1095.984375
              }
            ],
            "height": 755,
            "type": "dock-v",
            "width": 1095.984375
          },
          {
            "active": 0,
            "children": [
              "inspector",
              "cocos-services"
            ],
            "height": 755,
            "type": "panel",
            "width": 342
          }
        ],
        "type": "dock-h"
      },
      "panels": [
        "hierarchy",
        "console",
        "timeline",
        "game-window",
        "assets",
        "inspector",
        "cocos-services",
        "scene"
      ]
    },
    "window-1565937842399": {}
  },
  "panels": {
    "builder": {
      "x": 505,
      "y": 23,
      "width": 654,
      "height": 722
    },
    "store": {
      "x": 245,
      "y": 101,
      "width": 800,
      "height": 622
    },
    "preferences": {
      "x": 300,
      "y": 157,
      "width": 584,
      "height": 548
    }
  }
}