{
  "9836134e-b892-4283-b6b2-78b5acf3ed45": {
    "asset": 1563274428000,
    "meta": 1563274428000,
    "relativePath": "effects"
  },
  "f8e6b000-5643-4b86-9080-aa680ce1f599": {
    "asset": 1563274428000,
    "meta": 1563274428000,
    "relativePath": "image"
  },
  "5c3eedba-6c41-4c0c-9ba7-d91f813cbd1c": {
    "asset": 1563274428000,
    "meta": 1563274428000,
    "relativePath": "materials"
  },
  "fc09f9bd-2cce-4605-b630-8145ef809ed6": {
    "asset": 1563274428000,
    "meta": 1563274428000,
    "relativePath": "misc"
  },
  "db019bf7-f71c-4111-98cf-918ea180cb48": {
    "asset": 1563274428000,
    "meta": 1563274428000,
    "relativePath": "model"
  },
  "e39e96e6-6f6e-413f-bcf1-ac7679bb648a": {
    "asset": 1563274428000,
    "meta": 1563274428000,
    "relativePath": "model/prefab"
  },
  "f6e6dd15-71d1-4ffe-ace7-24fd39942c05": {
    "asset": 1563274428000,
    "meta": 1563274428000,
    "relativePath": "obsolete"
  },
  "f743d2b6-b7ea-4c14-a55b-547ed4d0a045": {
    "asset": 1563274428000,
    "meta": 1563274428000,
    "relativePath": "particle"
  },
  "ae6c6c98-11e4-452f-8758-75f5c6a56e83": {
    "asset": 1563274428000,
    "meta": 1563274428000,
    "relativePath": "prefab"
  },
  "d8afc78c-4eac-4a9f-83dd-67bc70344d33": {
    "asset": 1563274428000,
    "meta": 1563274428000,
    "relativePath": "resources"
  },
  "294c1663-4adf-4a1e-a795-53808011a38a": {
    "asset": 1563274428000,
    "meta": 1563274428000,
    "relativePath": "resources/effects"
  },
  "bbee2217-c261-49bd-a8ce-708d6bcc3500": {
    "asset": 1563274428000,
    "meta": 1563274428000,
    "relativePath": "resources/materials"
  },
  "f63b7251-361a-4e45-9e20-76cce0903053": {
    "asset": 1565849256570,
    "meta": 1565849256627,
    "relativePath": "Scenes/Level.fire"
  },
  "6094bc89-7f9d-473e-b391-58ece73db097": {
    "asset": 1564738545561,
    "meta": 1564393465276,
    "relativePath": "Scripts"
  },
  "e1b44dda-fb4a-44b7-82e8-37dda24ae0b6": {
    "asset": 1564393785103,
    "meta": 1564393657171,
    "relativePath": "Scenes"
  },
  "677f9bed-a750-47fc-813a-593422ef7ed1": {
    "asset": 1565848570275,
    "meta": 1564394794548,
    "relativePath": "Res"
  },
  "923a8831-512e-4020-9f16-06fb3605983c": {
    "asset": 1565761590335,
    "meta": 1565178978109,
    "relativePath": "Res/atlas"
  },
  "ab7b2f2a-b1f1-4e4f-bf67-3d7f4aa20004": {
    "asset": 1563172347122,
    "meta": 1564394794651,
    "relativePath": "Res/atlas/null.png"
  },
  "96503877-3d5d-4eb0-8390-72fd33201a2c": {
    "asset": 1564730017237,
    "meta": 1565762114838,
    "relativePath": "Res/animation/run_5.anim"
  },
  "860edefc-8d84-458d-8105-d464b323d8b3": {
    "asset": 1565762125236,
    "meta": 1564451255514,
    "relativePath": "Res/animation"
  },
  "e9980251-3441-4176-89f4-7280d961668c": {
    "asset": 1564487079290,
    "meta": 1564487080177,
    "relativePath": "Scripts/Player.ts"
  },
  "cc605017-1851-4a24-b835-c603b85cb109": {
    "asset": 1565242335897,
    "meta": 1564571749061,
    "relativePath": "Res/audio"
  },
  "5b1978d6-9bcc-44a3-bb0f-5f6327cb81ac": {
    "asset": 1564571749054,
    "meta": 1564571749070,
    "relativePath": "Res/audio/click.mp3"
  },
  "ab9e9b8b-599c-4cb4-b1bb-4951c21f286f": {
    "asset": 1564571749057,
    "meta": 1564571749072,
    "relativePath": "Res/audio/bg.mp3"
  },
  "73951f55-eadc-4efa-8789-31c1cbe1ad74": {
    "asset": 1564571749054,
    "meta": 1564571749075,
    "relativePath": "Res/audio/fault.mp3"
  },
  "0972467a-82c6-47eb-a341-04a4535eab6c": {
    "asset": 1564571749055,
    "meta": 1564571749078,
    "relativePath": "Res/audio/lose.mp3"
  },
  "aaabaa6e-af2e-48e2-b86e-826bdf2992aa": {
    "asset": 1564571749055,
    "meta": 1564571749082,
    "relativePath": "Res/audio/win.mp3"
  },
  "37dfc2a3-3e0c-4437-b2a1-5dbe0e4888fc": {
    "asset": 1564629894596,
    "meta": 1564629894602,
    "relativePath": "Res/audio/run.mp3"
  },
  "7d227680-6e30-42e7-aca6-7c6a876d96c8": {
    "asset": 1565071935671,
    "meta": 1565762110608,
    "relativePath": "Res/animation/jump_5.anim"
  },
  "f6528bad-4ff6-419d-b587-454abe9c9469": {
    "asset": 1564736295277,
    "meta": 1564736295279,
    "relativePath": "Res/atlas/AutoAtlas.pac"
  },
  "700f3474-7cad-4ba7-8c80-98d55c0f9efc": {
    "asset": 1564972204477,
    "meta": 1564972306640,
    "relativePath": "Res/atlas/play.png"
  },
  "817afdc2-81b9-4283-9fab-00a5d4bd56c8": {
    "asset": 1565852631173,
    "meta": 1565852631195,
    "relativePath": "Scenes/Lobby.fire"
  },
  "1fdfda3a-19f6-4274-92d0-f2e1896d21b9": {
    "asset": 1565070095000,
    "meta": 1565070594310,
    "relativePath": "Res/atlas/back.png"
  },
  "422905d5-f3ed-4bb7-9a43-85ecac9a434d": {
    "asset": 1565070143000,
    "meta": 1565070594335,
    "relativePath": "Res/atlas/share.png"
  },
  "a575638e-45ce-4364-bbe9-d25d9b53e344": {
    "asset": 1565161592075,
    "meta": 1565762117705,
    "relativePath": "Res/animation/run.anim"
  },
  "bc0cc8f3-faa1-4b65-a8ac-0fff3a14e52f": {
    "asset": 1565161805152,
    "meta": 1565762125237,
    "relativePath": "Res/animation/jump.anim"
  },
  "49c9a679-6cc4-40de-902e-6fad157011d0": {
    "asset": 1565771971123,
    "meta": 1565776844811,
    "relativePath": "Scripts/JumpEvent.ts"
  },
  "2ccf66b3-3e1c-44fc-8702-0d0475c789d4": {
    "asset": 1564971986393,
    "meta": 1565178964466,
    "relativePath": "Res/atlas/pk.png"
  },
  "d2dff028-a097-4bec-b766-cc2eab401581": {
    "asset": 1565761547494,
    "meta": 1565179007885,
    "relativePath": "Res/subAtlas"
  },
  "a5f7444a-1b95-4504-8925-ac5bf149671f": {
    "asset": 1564716550000,
    "meta": 1565178964503,
    "relativePath": "Res/subAtlas/1.png"
  },
  "e097730b-e4b8-4fc0-8948-9a0f01d8b6cf": {
    "asset": 1564716703000,
    "meta": 1565178964515,
    "relativePath": "Res/subAtlas/10.png"
  },
  "4f946e2e-b8f6-4283-b003-c9abcb40d8bb": {
    "asset": 1564716713000,
    "meta": 1565178964548,
    "relativePath": "Res/subAtlas/11.png"
  },
  "eb0204e3-c973-493c-b359-22d7b2911f3b": {
    "asset": 1564716725000,
    "meta": 1565178964556,
    "relativePath": "Res/subAtlas/12.png"
  },
  "b998d67d-bba6-4680-ac90-189abb1447f7": {
    "asset": 1564716569000,
    "meta": 1565178964602,
    "relativePath": "Res/subAtlas/2.png"
  },
  "db8c3fda-6b1d-4ffa-9b5a-b2b3ee6e1b60": {
    "asset": 1565161410300,
    "meta": 1565178964636,
    "relativePath": "Res/subAtlas/22.png"
  },
  "af85e62b-4889-41c2-9941-6ae4bf60131c": {
    "asset": 1565161410300,
    "meta": 1565178964647,
    "relativePath": "Res/subAtlas/23.png"
  },
  "7e88ade7-b9d7-447d-8791-961e18508e11": {
    "asset": 1565161410301,
    "meta": 1565178964683,
    "relativePath": "Res/subAtlas/24.png"
  },
  "7467403a-8c8b-4af0-82ac-fa6feab3ecf8": {
    "asset": 1565161410301,
    "meta": 1565178964696,
    "relativePath": "Res/subAtlas/25.png"
  },
  "05c42bf5-7174-4455-b252-b2a315bf2f79": {
    "asset": 1565161410300,
    "meta": 1565178964733,
    "relativePath": "Res/subAtlas/27.png"
  },
  "0d0335de-9344-49bc-9676-02bc468a68a5": {
    "asset": 1565161410301,
    "meta": 1565178964746,
    "relativePath": "Res/subAtlas/26.png"
  },
  "920cb7ad-bf1a-4f2b-96c8-f0e5e79556a2": {
    "asset": 1565161410301,
    "meta": 1565178964787,
    "relativePath": "Res/subAtlas/29.png"
  },
  "dadf6e7c-8603-4f8c-b309-052269fb48a5": {
    "asset": 1565161410300,
    "meta": 1565178964802,
    "relativePath": "Res/subAtlas/28.png"
  },
  "1c9c26af-f7a8-4ae8-9c5e-6871c3597f47": {
    "asset": 1565161410301,
    "meta": 1565178964864,
    "relativePath": "Res/subAtlas/30.png"
  },
  "99b1b586-a9d4-484c-a752-fe81fb8e3993": {
    "asset": 1564716582000,
    "meta": 1565178964865,
    "relativePath": "Res/subAtlas/3.png"
  },
  "b882c3ba-7de9-4c03-9efc-e876e87165b0": {
    "asset": 1565161410301,
    "meta": 1565178964914,
    "relativePath": "Res/subAtlas/31.png"
  },
  "83e5770f-6831-40d1-b941-b88e82af6221": {
    "asset": 1564716597000,
    "meta": 1565178964916,
    "relativePath": "Res/subAtlas/4.png"
  },
  "d93f9e57-cf2f-423e-9526-c24f8a564380": {
    "asset": 1564716655000,
    "meta": 1565178964950,
    "relativePath": "Res/subAtlas/6.png"
  },
  "f326797a-94d6-477b-b7e6-4051b00d50ad": {
    "asset": 1564716646000,
    "meta": 1565178964966,
    "relativePath": "Res/subAtlas/7.png"
  },
  "82b15f1a-816a-4aa5-9b5a-fa8c9bb413bd": {
    "asset": 1564716687000,
    "meta": 1565178965026,
    "relativePath": "Res/subAtlas/9.png"
  },
  "937bce6b-0dee-4797-a57c-4668ddaa3bc0": {
    "asset": 1564716671000,
    "meta": 1565178965026,
    "relativePath": "Res/subAtlas/8.png"
  },
  "5cdd6744-5c1a-4373-aaf8-51bf2d7b9dd8": {
    "asset": 1565179125455,
    "meta": 1565179125458,
    "relativePath": "Res/subAtlas/AutoAtlas.pac"
  },
  "028c2f40-b04a-4f0f-b8ab-d0a22de829f3": {
    "asset": 1565265627953,
    "meta": 1565265627978,
    "relativePath": "Res/atlas/enter.png"
  },
  "30058bcd-87ff-4688-875d-b8b5722eca7f": {
    "asset": 1565265627954,
    "meta": 1565265627993,
    "relativePath": "Res/atlas/tipsBox.png"
  },
  "5a51f04a-7f13-4954-8523-1b06a1fcf11c": {
    "asset": 1565350880564,
    "meta": 1565350880593,
    "relativePath": "Res/atlas/invite.png"
  },
  "d8bc2666-7ff9-4976-ad21-1e59f2db930b": {
    "asset": 1565609692000,
    "meta": 1565684915603,
    "relativePath": "Res/atlas/goose-N.png"
  },
  "d503a150-6f9d-4d53-8a51-2a342d002e26": {
    "asset": 1565684137000,
    "meta": 1565684915605,
    "relativePath": "Res/atlas/choose.png"
  },
  "6205047b-8f74-40e9-9be9-a73749f5a658": {
    "asset": 1565609532000,
    "meta": 1565684915622,
    "relativePath": "Res/atlas/goose.png"
  },
  "414c605f-92f1-45c3-b8eb-0c3d88c69300": {
    "asset": 1565609502000,
    "meta": 1565684915626,
    "relativePath": "Res/atlas/ice goddess.png"
  },
  "0533d1d7-e184-4431-8cb9-ac1ff7445fc6": {
    "asset": 1565609751000,
    "meta": 1565684915635,
    "relativePath": "Res/atlas/ice-N.png"
  },
  "0e19973d-527f-4260-8f0a-e48779d4dcc3": {
    "asset": 1565609431000,
    "meta": 1565684915642,
    "relativePath": "Res/atlas/kung hei fat choy.png"
  },
  "792200c2-6d9f-4171-99d7-3791bb4422cb": {
    "asset": 1565609818000,
    "meta": 1565684915644,
    "relativePath": "Res/atlas/kung-N.png"
  },
  "e99f508a-fdec-4bdb-9526-8ede91525bb4": {
    "asset": 1565609783000,
    "meta": 1565684915653,
    "relativePath": "Res/atlas/magma-N.png"
  },
  "e7994f9e-5108-457d-81b8-d4bb8b9d4f32": {
    "asset": 1565609577000,
    "meta": 1565684915660,
    "relativePath": "Res/atlas/magma.png"
  },
  "a6bd6ce0-c097-42e1-8a9c-9bce1a1ebb51": {
    "asset": 1565609083000,
    "meta": 1565684915662,
    "relativePath": "Res/atlas/next.png"
  },
  "81abc16c-ad9a-4059-a313-ec2c3d4cf991": {
    "asset": 1565684851000,
    "meta": 1565684915671,
    "relativePath": "Res/atlas/start.png"
  },
  "b7ece04f-df91-4cd0-9c6c-55a52b899668": {
    "asset": 1565609715000,
    "meta": 1565684915679,
    "relativePath": "Res/atlas/terra-N.png"
  },
  "3fd65e2a-0e2f-4679-a011-d7aa7a620884": {
    "asset": 1565609610000,
    "meta": 1565684915682,
    "relativePath": "Res/atlas/terra-cotta warriors.png"
  },
  "94bf0545-6840-4dbf-b8fe-45af6e1540cc": {
    "asset": 1565688018299,
    "meta": 1565688018303,
    "relativePath": "Res/animation/jump_1.anim"
  },
  "0b81928c-ca5a-4d86-97ff-09fb32a3e064": {
    "asset": 1565687971486,
    "meta": 1565687971491,
    "relativePath": "Res/animation/jump_0.anim"
  },
  "2dc6866b-49af-4fb3-a387-d4f1cee36c7d": {
    "asset": 1565688067625,
    "meta": 1565688067629,
    "relativePath": "Res/animation/jump_2.anim"
  },
  "6744f272-604f-452e-a10f-46a52d09378d": {
    "asset": 1565688166772,
    "meta": 1565688166790,
    "relativePath": "Res/animation/jump_3.anim"
  },
  "d4bc3352-ca87-49dc-8c87-0d1c88030783": {
    "asset": 1565688214154,
    "meta": 1565688214159,
    "relativePath": "Res/animation/jump_4.anim"
  },
  "37843740-dd95-45ce-acb5-3a1d6b12e0e3": {
    "asset": 1565687806860,
    "meta": 1565687806876,
    "relativePath": "Res/animation/run_0.anim"
  },
  "53a035b9-ee47-4428-b642-e4a2bd0318a2": {
    "asset": 1565687869037,
    "meta": 1565687869041,
    "relativePath": "Res/animation/run_2.anim"
  },
  "1925d733-3214-4548-87d5-6df2a6d4de21": {
    "asset": 1565687840807,
    "meta": 1565687840811,
    "relativePath": "Res/animation/run_1.anim"
  },
  "2d11db7e-caef-45ba-9a56-b5e4e21a9b1c": {
    "asset": 1565687898501,
    "meta": 1565687898506,
    "relativePath": "Res/animation/run_3.anim"
  },
  "23033155-aaa8-4dcd-bbd2-d711c10dc775": {
    "asset": 1565687924143,
    "meta": 1565687924149,
    "relativePath": "Res/animation/run_4.anim"
  },
  "b0573fda-43b6-49bc-b5bf-9955107836db": {
    "asset": 1565687562278,
    "meta": 1565687549167,
    "relativePath": "Res/subAtlas/blue"
  },
  "812add2b-2167-4907-ad63-9c86089bd219": {
    "asset": 1565674716000,
    "meta": 1565687549283,
    "relativePath": "Res/subAtlas/blue/10.png"
  },
  "75806348-20e8-4282-9d0e-cbbd60d0c3ce": {
    "asset": 1565674417000,
    "meta": 1565687549290,
    "relativePath": "Res/subAtlas/blue/1.png"
  },
  "38f76b09-e3ff-4280-99a8-ab89ea8e16a1": {
    "asset": 1565674736000,
    "meta": 1565687549317,
    "relativePath": "Res/subAtlas/blue/11.png"
  },
  "fbf6ae5a-cdb9-4f52-a967-74176c338600": {
    "asset": 1565674431000,
    "meta": 1565687549323,
    "relativePath": "Res/subAtlas/blue/2.png"
  },
  "4e0bd1ea-9514-419d-8bd7-7abd2baddd65": {
    "asset": 1565674447000,
    "meta": 1565687549352,
    "relativePath": "Res/subAtlas/blue/3.png"
  },
  "764c6433-34c4-4921-b321-08e995b55271": {
    "asset": 1565674463000,
    "meta": 1565687549358,
    "relativePath": "Res/subAtlas/blue/4.png"
  },
  "b9f91cd0-ffbc-49b6-af50-caec5cdbe245": {
    "asset": 1565674477000,
    "meta": 1565687549387,
    "relativePath": "Res/subAtlas/blue/5.png"
  },
  "ec08e777-e3a7-4437-9732-55d9b2c3f385": {
    "asset": 1565674642000,
    "meta": 1565687549394,
    "relativePath": "Res/subAtlas/blue/6.png"
  },
  "1520ade9-16c8-4497-a51a-fb7173620e48": {
    "asset": 1565674655000,
    "meta": 1565687549421,
    "relativePath": "Res/subAtlas/blue/7.png"
  },
  "38ba81b1-f9be-4bc2-abd6-cf435a2d4684": {
    "asset": 1565674684000,
    "meta": 1565687549428,
    "relativePath": "Res/subAtlas/blue/8.png"
  },
  "69663c9a-d0ec-4f02-bd66-03662f05707d": {
    "asset": 1565849896535,
    "meta": 1565687549174,
    "relativePath": "Res/subAtlas/gold"
  },
  "bfe4e613-eded-49e8-8306-d90c45e13f46": {
    "asset": 1565674700000,
    "meta": 1565687549457,
    "relativePath": "Res/subAtlas/blue/9.png"
  },
  "3dde8800-f703-4812-9cbd-3820538073d7": {
    "asset": 1565687586058,
    "meta": 1565687549181,
    "relativePath": "Res/subAtlas/red"
  },
  "85bb3c89-d99d-4c7b-bc40-a50a662f1d95": {
    "asset": 1565611111000,
    "meta": 1565687549583,
    "relativePath": "Res/subAtlas/red/1.png"
  },
  "6cc04807-07f9-40c3-adeb-6aea8e84378b": {
    "asset": 1565611571000,
    "meta": 1565687549603,
    "relativePath": "Res/subAtlas/red/10.png"
  },
  "b0d2cf84-5ed7-4739-8f0d-0c69d073fca6": {
    "asset": 1565611629000,
    "meta": 1565687549605,
    "relativePath": "Res/subAtlas/red/11.png"
  },
  "17ba49ca-989b-4e17-9de2-5c15dc22d765": {
    "asset": 1565611128000,
    "meta": 1565687549616,
    "relativePath": "Res/subAtlas/red/2.png"
  },
  "e276e971-82c7-4f18-9f1b-910cbda55a9f": {
    "asset": 1565611352000,
    "meta": 1565687549618,
    "relativePath": "Res/subAtlas/red/3.png"
  },
  "ecc4a087-64f0-4604-b3e5-b16ecef67ca9": {
    "asset": 1565611380000,
    "meta": 1565687549631,
    "relativePath": "Res/subAtlas/red/5.png"
  },
  "5fde9f23-9c5a-4ebd-82aa-51c8f299d584": {
    "asset": 1565611365000,
    "meta": 1565687549633,
    "relativePath": "Res/subAtlas/red/4.png"
  },
  "538441a1-3712-4532-8958-92f795b9e5e7": {
    "asset": 1565611440000,
    "meta": 1565687549662,
    "relativePath": "Res/subAtlas/red/7.png"
  },
  "810cc7b6-4215-4985-96d8-0047f16eca8b": {
    "asset": 1565611403000,
    "meta": 1565687549663,
    "relativePath": "Res/subAtlas/red/6.png"
  },
  "c1ef5ef4-e8b8-4df6-bb47-26964a732658": {
    "asset": 1565611547000,
    "meta": 1565687549690,
    "relativePath": "Res/subAtlas/red/9.png"
  },
  "c7e6bea2-5f55-448f-a66d-22d9a28e54a2": {
    "asset": 1565611516000,
    "meta": 1565687549691,
    "relativePath": "Res/subAtlas/red/8.png"
  },
  "f47579a2-dc64-4d1f-a924-139e835c39be": {
    "asset": 1565687591734,
    "meta": 1565687549190,
    "relativePath": "Res/subAtlas/white"
  },
  "cf1592bb-ee00-4799-9f2e-62ba71609adc": {
    "asset": 1565665052000,
    "meta": 1565687549719,
    "relativePath": "Res/subAtlas/white/10.png"
  },
  "9f1180ad-9e53-4607-ab6a-4f996e4fa064": {
    "asset": 1565664932000,
    "meta": 1565687549728,
    "relativePath": "Res/subAtlas/white/1.png"
  },
  "9c197f2d-3568-4b45-8301-42237489f568": {
    "asset": 1565665068000,
    "meta": 1565687549755,
    "relativePath": "Res/subAtlas/white/11.png"
  },
  "35d7622d-bdc5-4dee-bbd3-d7870fdb11c3": {
    "asset": 1565664947000,
    "meta": 1565687549762,
    "relativePath": "Res/subAtlas/white/2.png"
  },
  "96da985b-0485-47b1-9acc-8edce960de99": {
    "asset": 1565664960000,
    "meta": 1565687549790,
    "relativePath": "Res/subAtlas/white/3.png"
  },
  "23f2971d-d209-4290-af12-0c85d76a46ac": {
    "asset": 1565664972000,
    "meta": 1565687549798,
    "relativePath": "Res/subAtlas/white/4.png"
  },
  "8cfaeb83-8b4f-428b-a980-00117c738a82": {
    "asset": 1565664987000,
    "meta": 1565687549825,
    "relativePath": "Res/subAtlas/white/5.png"
  },
  "a5c61f3b-0265-4171-9a87-661b22f09f75": {
    "asset": 1565665001000,
    "meta": 1565687549831,
    "relativePath": "Res/subAtlas/white/6.png"
  },
  "98fc9dcd-7cdc-4e06-86ad-38132bd9c8ec": {
    "asset": 1565665027000,
    "meta": 1565687549860,
    "relativePath": "Res/subAtlas/white/8.png"
  },
  "5c8ef2c1-4a81-43d0-920d-e5393e18d60b": {
    "asset": 1565665015000,
    "meta": 1565687549865,
    "relativePath": "Res/subAtlas/white/7.png"
  },
  "f44d5ba0-6b7e-4fca-babd-42578ef0046b": {
    "asset": 1565761511327,
    "meta": 1565687549203,
    "relativePath": "Res/subAtlas/zebra"
  },
  "fa6c9bdd-97b2-4c08-bef1-15c5eff43d64": {
    "asset": 1565665039000,
    "meta": 1565687549892,
    "relativePath": "Res/subAtlas/white/9.png"
  },
  "9ea1d3db-b99e-48a1-8015-70a9278e7a8d": {
    "asset": 1565687562276,
    "meta": 1565687562278,
    "relativePath": "Res/subAtlas/blue/AutoAtlas.pac"
  },
  "9eb2234d-c75c-445f-ad16-5effd0cfea36": {
    "asset": 1565687576616,
    "meta": 1565687576617,
    "relativePath": "Res/subAtlas/gold/AutoAtlas.pac"
  },
  "10bedb88-a93e-436b-9990-3041db58ef54": {
    "asset": 1565687586056,
    "meta": 1565687586058,
    "relativePath": "Res/subAtlas/red/AutoAtlas.pac"
  },
  "b28f5d74-eb4e-459c-be4c-577cf27b56f8": {
    "asset": 1565687591732,
    "meta": 1565687591734,
    "relativePath": "Res/subAtlas/white/AutoAtlas.pac"
  },
  "c769bf22-ba7a-4751-bf9a-6cd6afabdabc": {
    "asset": 1565687597178,
    "meta": 1565687597179,
    "relativePath": "Res/subAtlas/zebra/AutoAtlas.pac"
  },
  "15102ba1-bc5a-45c3-b00d-7c2e04954227": {
    "asset": 1565069944000,
    "meta": 1565689501840,
    "relativePath": "Res/subAtlas/hurdles.png"
  },
  "0b70d07a-57a7-4621-b63c-1cde22a2909c": {
    "asset": 1565090706000,
    "meta": 1565689501847,
    "relativePath": "Res/subAtlas/hurdles1.png"
  },
  "c18bdc29-0d56-4cd2-af8a-08001e9159e5": {
    "asset": 1565083773000,
    "meta": 1565689501863,
    "relativePath": "Res/subAtlas/mouse.png"
  },
  "a57b10d1-446f-466e-9cb1-43dd0b7b3558": {
    "asset": 1564727790000,
    "meta": 1565689501898,
    "relativePath": "Res/subAtlas/result.png"
  },
  "678aba04-3f25-47ea-bb0e-816a688cf753": {
    "asset": 1564988084332,
    "meta": 1565689501939,
    "relativePath": "Res/subAtlas/lose.png"
  },
  "d751d8d9-1fee-4b93-aa57-698c820d0a6d": {
    "asset": 1565070002000,
    "meta": 1565689501951,
    "relativePath": "Res/subAtlas/vs.png"
  },
  "43f2edd4-e7ad-4e60-b53c-ff87e37f36a5": {
    "asset": 1564988084333,
    "meta": 1565689502020,
    "relativePath": "Res/subAtlas/win.png"
  },
  "b8a211d2-7c4b-4164-a96c-89a37bc15d3d": {
    "asset": 1565609016000,
    "meta": 1565689684777,
    "relativePath": "Res/atlas/pifukuang.png"
  },
  "60ed9f8a-c59b-4128-af3a-2bf5170d9607": {
    "asset": 1564714411000,
    "meta": 1565689684812,
    "relativePath": "Res/subAtlas/player.png"
  },
  "0cdcc3d5-6e22-4870-a094-ab600eb46b32": {
    "asset": 1565171841334,
    "meta": 1565689828498,
    "relativePath": "Res/subAtlas/LvBg.jpg"
  },
  "cd8b935f-b3b7-48b9-8899-0a24f2937680": {
    "asset": 1565753861000,
    "meta": 1565761590512,
    "relativePath": "Res/subAtlas/21.png"
  },
  "eee1c95c-43b2-4dd0-908b-0ab3af6f3082": {
    "asset": 1565695693000,
    "meta": 1565761590519,
    "relativePath": "Res/subAtlas/zebra/1.png"
  },
  "5b341741-7f59-4aaf-844f-35d330def773": {
    "asset": 1565695565000,
    "meta": 1565761590549,
    "relativePath": "Res/subAtlas/zebra/10.png"
  },
  "2bc946cd-f021-4c97-835e-5acea50cae63": {
    "asset": 1565695553000,
    "meta": 1565761590558,
    "relativePath": "Res/subAtlas/zebra/11.png"
  },
  "4849ce5d-73fc-4fb5-bdee-2f1f58fd88f9": {
    "asset": 1565695669000,
    "meta": 1565761590583,
    "relativePath": "Res/subAtlas/zebra/3.png"
  },
  "1971010f-0c77-4e0c-9af1-e4460e3b3a10": {
    "asset": 1565695682000,
    "meta": 1565761590591,
    "relativePath": "Res/subAtlas/zebra/2.png"
  },
  "b86d3a52-c177-4a0b-8e9e-094e2260090b": {
    "asset": 1565695650000,
    "meta": 1565761590620,
    "relativePath": "Res/subAtlas/zebra/4.png"
  },
  "b79fa333-c62a-400d-bd7c-76a3ee8ea9a3": {
    "asset": 1565695635000,
    "meta": 1565761590627,
    "relativePath": "Res/subAtlas/zebra/5.png"
  },
  "35bdd71b-f01d-4d81-8cf5-cc804458fea3": {
    "asset": 1565695623000,
    "meta": 1565761590656,
    "relativePath": "Res/subAtlas/zebra/6.png"
  },
  "0f4a7eee-68af-4f70-b78e-6d54face263f": {
    "asset": 1565695611000,
    "meta": 1565761590661,
    "relativePath": "Res/subAtlas/zebra/7.png"
  },
  "4fe75880-7707-40dc-a7e4-c5dca37fd29f": {
    "asset": 1565695580000,
    "meta": 1565761590689,
    "relativePath": "Res/subAtlas/zebra/9.png"
  },
  "32c60581-2a19-4b89-8001-c161764f375a": {
    "asset": 1565695593000,
    "meta": 1565761590695,
    "relativePath": "Res/subAtlas/zebra/8.png"
  },
  "6e0b01c6-2536-4ff9-817b-ef93340a8d22": {
    "asset": 1565752975000,
    "meta": 1565761590705,
    "relativePath": "Res/atlas/volcano.png"
  },
  "9796de50-f045-456a-9c20-f871564f84a7": {
    "asset": 1565750301000,
    "meta": 1565761590714,
    "relativePath": "Res/atlas/longtanmice.png"
  },
  "5292a210-94cd-49f8-9f4a-ca8ddb46fa52": {
    "asset": 1565848820800,
    "meta": 1565848833006,
    "relativePath": "Res/bg.jpg"
  },
  "d62d818e-6c9b-46ea-bc44-612b119c6cce": {
    "asset": 1565849649000,
    "meta": 1565850067378,
    "relativePath": "Res/subAtlas/gold/10.png"
  },
  "eccc2596-981a-4518-9e9e-451598f81d50": {
    "asset": 1565849515000,
    "meta": 1565850067390,
    "relativePath": "Res/subAtlas/gold/1.png"
  },
  "8bc60a85-3a27-4684-b70d-ccd4cd6f203f": {
    "asset": 1565849660000,
    "meta": 1565850067424,
    "relativePath": "Res/subAtlas/gold/11.png"
  },
  "55b2bd85-900d-44fb-b199-b02d38360137": {
    "asset": 1565849530000,
    "meta": 1565850067433,
    "relativePath": "Res/subAtlas/gold/2.png"
  },
  "259a088c-d95f-4139-b4b1-ff0331eb8676": {
    "asset": 1565849542000,
    "meta": 1565850067473,
    "relativePath": "Res/subAtlas/gold/3.png"
  },
  "385269d8-2384-41ad-b0c3-1b570e92c83c": {
    "asset": 1565849553000,
    "meta": 1565850067483,
    "relativePath": "Res/subAtlas/gold/4.png"
  },
  "c2de2dc5-d915-4149-926d-55a4edb06d0a": {
    "asset": 1565849564000,
    "meta": 1565850067518,
    "relativePath": "Res/subAtlas/gold/5.png"
  },
  "b0383569-a1c5-4c2e-b223-0065a15af55b": {
    "asset": 1565849583000,
    "meta": 1565850067531,
    "relativePath": "Res/subAtlas/gold/6.png"
  },
  "1f94ef00-b50c-4c6e-baac-d91aa75f4377": {
    "asset": 1565849614000,
    "meta": 1565850067594,
    "relativePath": "Res/subAtlas/gold/8.png"
  },
  "7af7d815-45d1-4f06-a16f-349a35aed92b": {
    "asset": 1565849595000,
    "meta": 1565850067596,
    "relativePath": "Res/subAtlas/gold/7.png"
  },
  "2da05e97-2ae1-4665-8cce-db0044a25c0e": {
    "asset": 1565849634000,
    "meta": 1565850068322,
    "relativePath": "Res/subAtlas/gold/9.png"
  },
  "b8223619-7e38-47c4-841f-9160c232495a": {
    "asset": 1563274428000,
    "meta": 1565918913767,
    "relativePath": "obsolete/atom.plist"
  },
  "b2687ac4-099e-403c-a192-ff477686f4f5": {
    "asset": 1563274428000,
    "meta": 1565918913833,
    "relativePath": "particle/atom.plist"
  },
  "954fec8b-cd16-4bb9-a3b7-7719660e7558": {
    "asset": 1563274428000,
    "meta": 1565918917090,
    "relativePath": "model/primitives.fbx"
  },
  "e851e89b-faa2-4484-bea6-5c01dd9f06e2": {
    "asset": 1563274428000,
    "meta": 1565869683309,
    "relativePath": "image/default_btn_normal.png"
  },
  "71561142-4c83-4933-afca-cb7a17f67053": {
    "asset": 1563274428000,
    "meta": 1565869683309,
    "relativePath": "image/default_btn_disabled.png"
  },
  "b43ff3c2-02bb-4874-81f7-f2dea6970f18": {
    "asset": 1563274428000,
    "meta": 1565869683334,
    "relativePath": "image/default_btn_pressed.png"
  },
  "edd215b9-2796-4a05-aaf5-81f96c9281ce": {
    "asset": 1563274428000,
    "meta": 1565869683339,
    "relativePath": "image/default_editbox_bg.png"
  },
  "d81ec8ad-247c-4e62-aa3c-d35c4193c7af": {
    "asset": 1563274428000,
    "meta": 1565869683357,
    "relativePath": "image/default_panel.png"
  },
  "99170b0b-d210-46f1-b213-7d9e3f23098a": {
    "asset": 1563274428000,
    "meta": 1565869683359,
    "relativePath": "image/default_progressbar_bg.png"
  },
  "cfef78f1-c8df-49b7-8ed0-4c953ace2621": {
    "asset": 1563274428000,
    "meta": 1565869683373,
    "relativePath": "image/default_progressbar.png"
  },
  "567dcd80-8bf4-4535-8a5a-313f1caf078a": {
    "asset": 1563274428000,
    "meta": 1565869683376,
    "relativePath": "image/default_radio_button_off.png"
  },
  "9d60001f-b5f4-4726-a629-2659e3ded0b8": {
    "asset": 1563274428000,
    "meta": 1565869683395,
    "relativePath": "image/default_radio_button_on.png"
  },
  "4bab67cb-18e6-4099-b840-355f0473f890": {
    "asset": 1563274428000,
    "meta": 1565869683401,
    "relativePath": "image/default_scrollbar_bg.png"
  },
  "617323dd-11f4-4dd3-8eec-0caf6b3b45b9": {
    "asset": 1563274428000,
    "meta": 1565869683430,
    "relativePath": "image/default_scrollbar_vertical_bg.png"
  },
  "d6d3ca85-4681-47c1-b5dd-d036a9d39ea2": {
    "asset": 1563274428000,
    "meta": 1565869683432,
    "relativePath": "image/default_scrollbar_vertical.png"
  },
  "0291c134-b3da-4098-b7b5-e397edbe947f": {
    "asset": 1563274428000,
    "meta": 1565869683447,
    "relativePath": "image/default_scrollbar.png"
  },
  "0275e94c-56a7-410f-bd1a-fc7483f7d14a": {
    "asset": 1563274428000,
    "meta": 1565869683452,
    "relativePath": "image/default_sprite_splash.png"
  },
  "6e056173-d285-473c-b206-40a7fff5386e": {
    "asset": 1563274428000,
    "meta": 1565869683460,
    "relativePath": "image/default_sprite.png"
  },
  "73a0903d-d80e-4e3c-aa67-f999543c08f5": {
    "asset": 1563274428000,
    "meta": 1565869683462,
    "relativePath": "image/default_toggle_checkmark.png"
  },
  "c25b9d50-c8fc-4d27-beeb-6e7c1f2e5c0f": {
    "asset": 1563274428000,
    "meta": 1565869683469,
    "relativePath": "image/default_toggle_disabled.png"
  },
  "d29077ba-1627-4a72-9579-7b56a235340c": {
    "asset": 1563274428000,
    "meta": 1565869683471,
    "relativePath": "image/default_toggle_normal.png"
  },
  "c4480a0a-6ac5-443f-8b40-361a14257fc8": {
    "asset": 1563274428000,
    "meta": 1565869683473,
    "relativePath": "materials/builtin-phong.mtl"
  },
  "2be36297-9abb-4fee-8049-9ed5e271da8a": {
    "asset": 1563274428000,
    "meta": 1565869683478,
    "relativePath": "misc/default_video.mp4"
  },
  "b181c1e4-0a72-4a91-bfb0-ae6f36ca60bd": {
    "asset": 1563274428000,
    "meta": 1565869683480,
    "relativePath": "image/default_toggle_pressed.png"
  },
  "a87cc147-01b2-43f8-8e42-a7ca90b0c757": {
    "asset": 1563274428000,
    "meta": 1565869683485,
    "relativePath": "model/prefab/box.prefab"
  },
  "fe1417b6-fe6b-46a4-ae7c-9fd331f33a2a": {
    "asset": 1563274428000,
    "meta": 1565869683487,
    "relativePath": "model/prefab/capsule.prefab"
  },
  "b5fc2cf2-7942-483d-be1f-bbeadc4714ad": {
    "asset": 1563274428000,
    "meta": 1565869683490,
    "relativePath": "model/prefab/cone.prefab"
  },
  "1c5e4038-953a-44c2-b620-0bbfc6170477": {
    "asset": 1563274428000,
    "meta": 1565869683492,
    "relativePath": "model/prefab/cylinder.prefab"
  },
  "3f376125-a699-40ca-ad05-04d662eaa1f2": {
    "asset": 1563274428000,
    "meta": 1565869683498,
    "relativePath": "model/prefab/plane.prefab"
  },
  "6c9ef10d-b479-420b-bfe6-39cdda6a8ae0": {
    "asset": 1563274428000,
    "meta": 1565869683500,
    "relativePath": "model/prefab/quad.prefab"
  },
  "2d9a4b85-b0ab-4c46-84c5-18f393ab2058": {
    "asset": 1563274428000,
    "meta": 1565869683502,
    "relativePath": "model/prefab/sphere.prefab"
  },
  "de510076-056b-484f-b94c-83bef217d0e1": {
    "asset": 1563274428000,
    "meta": 1565869683505,
    "relativePath": "model/prefab/torus.prefab"
  },
  "8a96b965-2dc0-4e03-aa90-3b79cb93b5b4": {
    "asset": 1563274428000,
    "meta": 1565869683517,
    "relativePath": "obsolete/atom.png"
  },
  "d0a82d39-bede-46c4-b698-c81ff0dedfff": {
    "asset": 1563274428000,
    "meta": 1565869683517,
    "relativePath": "particle/atom.png"
  },
  "972b9a4d-47ee-4c74-b5c3-61d8a69bc29f": {
    "asset": 1563274428000,
    "meta": 1565869683533,
    "relativePath": "prefab/button.prefab"
  },
  "897ef7a1-4860-4f64-968d-f5924b18668a": {
    "asset": 1563274428000,
    "meta": 1565869683534,
    "relativePath": "prefab/camera.prefab"
  },
  "2c937608-2562-40ea-b264-7395df6f0cea": {
    "asset": 1563274428000,
    "meta": 1565869683871,
    "relativePath": "prefab/canvas.prefab"
  },
  "61aeb05b-3b32-452b-8eed-2b76deeed554": {
    "asset": 1563274428000,
    "meta": 1565869683871,
    "relativePath": "prefab/editbox.prefab"
  },
  "27756ebb-3d33-44b0-9b96-e858fadd4dd4": {
    "asset": 1563274428000,
    "meta": 1565869683885,
    "relativePath": "prefab/label.prefab"
  },
  "785a442c-3ceb-45be-a46e-7317f625f3b9": {
    "asset": 1563274428000,
    "meta": 1565869683886,
    "relativePath": "prefab/layout.prefab"
  },
  "ddb99b39-7004-47cd-9705-751905c43c46": {
    "asset": 1563274428000,
    "meta": 1565869683897,
    "relativePath": "prefab/light.prefab"
  },
  "ca8401fe-ad6e-41a8-bd46-8e3e4e9945be": {
    "asset": 1563274428000,
    "meta": 1565869683897,
    "relativePath": "prefab/pageview.prefab"
  },
  "cd33edea-55f5-46c2-958d-357a01384a36": {
    "asset": 1563274428000,
    "meta": 1565869683908,
    "relativePath": "prefab/particlesystem.prefab"
  },
  "5965ffac-69da-4b55-bcde-9225d0613c28": {
    "asset": 1563274428000,
    "meta": 1565869683908,
    "relativePath": "prefab/progressBar.prefab"
  },
  "4a37dd57-78cd-4cec-aad4-f11a73d12b63": {
    "asset": 1563274428000,
    "meta": 1565869683914,
    "relativePath": "prefab/richtext.prefab"
  },
  "32044bd2-481f-4cf1-a656-e2b2fb1594eb": {
    "asset": 1563274428000,
    "meta": 1565869683915,
    "relativePath": "prefab/scrollview.prefab"
  },
  "0004d1cf-a0ad-47d8-ab17-34d3db9d35a3": {
    "asset": 1563274428000,
    "meta": 1565869683918,
    "relativePath": "prefab/slider.prefab"
  },
  "1f55e3be-b89b-4b79-88de-47fd31018044": {
    "asset": 1563274428000,
    "meta": 1565869683919,
    "relativePath": "prefab/sprite_splash.prefab"
  },
  "96083d03-c332-4a3f-9386-d03e2d19e8ee": {
    "asset": 1563274428000,
    "meta": 1565869683922,
    "relativePath": "prefab/sprite.prefab"
  },
  "7de03a80-4457-438d-95a7-3e7cdffd6086": {
    "asset": 1563274428000,
    "meta": 1565869683923,
    "relativePath": "prefab/tiledmap.prefab"
  },
  "0e42ba95-1fa1-46aa-b2cf-143cd1bcee2c": {
    "asset": 1563274428000,
    "meta": 1565869683928,
    "relativePath": "prefab/tiledtile.prefab"
  },
  "0d784963-d024-4ea6-a7db-03be0ad63010": {
    "asset": 1563274428000,
    "meta": 1565869683929,
    "relativePath": "prefab/toggle.prefab"
  },
  "bf0a434c-84dd-4a8e-a08a-7a36f180cc75": {
    "asset": 1563274428000,
    "meta": 1565869683935,
    "relativePath": "prefab/toggleContainer.prefab"
  },
  "d1b8be49-b0a0-435c-83b7-552bed4bbe35": {
    "asset": 1563274428000,
    "meta": 1565869683935,
    "relativePath": "prefab/toggleGroup.prefab"
  },
  "232d2782-c4bd-4bb4-9e01-909f03d6d3b9": {
    "asset": 1563274428000,
    "meta": 1565869683939,
    "relativePath": "prefab/videoplayer.prefab"
  },
  "8c5001fd-07ee-4a4b-a8a0-63e15195e94d": {
    "asset": 1563274428000,
    "meta": 1565869683948,
    "relativePath": "prefab/webview.prefab"
  },
  "144c3297-af63-49e8-b8ef-1cfa29b3be28": {
    "asset": 1563274428000,
    "meta": 1565869683958,
    "relativePath": "resources/effects/builtin-2d-gray-sprite.effect"
  },
  "0e93aeaa-0b53-4e40-b8e0-6268b4e07bd7": {
    "asset": 1563274428000,
    "meta": 1565869683966,
    "relativePath": "resources/effects/builtin-2d-spine.effect"
  },
  "2874f8dd-416c-4440-81b7-555975426e93": {
    "asset": 1563274428000,
    "meta": 1565869683987,
    "relativePath": "resources/effects/builtin-2d-sprite.effect"
  },
  "c0040c95-c57f-49cd-9cbc-12316b73d0d4": {
    "asset": 1563274428000,
    "meta": 1565869684016,
    "relativePath": "resources/effects/builtin-clear-stencil.effect"
  },
  "79eafaef-b7ef-45d9-9c3f-591dc836fc7a": {
    "asset": 1563274428000,
    "meta": 1565869684048,
    "relativePath": "resources/effects/builtin-unlit-transparent.effect"
  },
  "6d91e591-4ce0-465c-809f-610ec95019c6": {
    "asset": 1563274428000,
    "meta": 1565869684049,
    "relativePath": "resources/effects/builtin-unlit.effect"
  },
  "6f801092-0c37-4f30-89ef-c8d960825b36": {
    "asset": 1563274428000,
    "meta": 1565869684051,
    "relativePath": "resources/materials/builtin-2d-base.mtl"
  },
  "3a7bb79f-32fd-422e-ada2-96f518fed422": {
    "asset": 1563274428000,
    "meta": 1565869684052,
    "relativePath": "resources/materials/builtin-2d-gray-sprite.mtl"
  },
  "7afd064b-113f-480e-b793-8817d19f63c3": {
    "asset": 1563274428000,
    "meta": 1565869684055,
    "relativePath": "resources/materials/builtin-2d-spine.mtl"
  },
  "eca5d2f2-8ef6-41c2-bbe6-f9c79d09c432": {
    "asset": 1563274428000,
    "meta": 1565869684056,
    "relativePath": "resources/materials/builtin-2d-sprite.mtl"
  },
  "cf7e0bb8-a81c-44a9-ad79-d28d43991032": {
    "asset": 1563274428000,
    "meta": 1565869684061,
    "relativePath": "resources/materials/builtin-clear-stencil.mtl"
  },
  "2a296057-247c-4a1c-bbeb-0548b6c98650": {
    "asset": 1563274428000,
    "meta": 1565869684297,
    "relativePath": "resources/materials/builtin-unlit.mtl"
  },
  "430eccbf-bf2c-4e6e-8c0c-884bbb487f32": {
    "asset": 1563274428000,
    "meta": 1565871406112,
    "relativePath": "effects/__builtin-editor-gizmo-line.effect"
  },
  "6c5cf6e1-b044-4eac-9431-835644d57381": {
    "asset": 1563274428000,
    "meta": 1565871406496,
    "relativePath": "effects/__builtin-editor-gizmo-unlit.effect"
  },
  "115286d1-2e10-49ee-aab4-341583f607e8": {
    "asset": 1563274428000,
    "meta": 1565871406878,
    "relativePath": "effects/__builtin-editor-gizmo.effect"
  },
  "abc2cb62-7852-4525-a90d-d474487b88f2": {
    "asset": 1563274428000,
    "meta": 1565871406879,
    "relativePath": "effects/builtin-phong.effect"
  },
  "de012dd0-ec1a-41c6-ab8f-8454217c274b": {
    "asset": 1565931409835,
    "meta": 1565931606112,
    "relativePath": "Scripts/Level.ts"
  },
  "80f8c2eb-9ff3-450a-944f-84dcc771c278": {
    "asset": 1565937312200,
    "meta": 1565937790694,
    "relativePath": "Scripts/GLBConfig.ts"
  },
  "3cd5dd35-decc-4b9d-9f47-8aab05c6f44e": {
    "asset": 1565937801133,
    "meta": 1565937839500,
    "relativePath": "Scripts/Socket.ts"
  },
  "0760ee3e-e8be-49b4-ac62-8ca23a529356": {
    "asset": 1565938044290,
    "meta": 1565938045244,
    "relativePath": "Scripts/Lobby.ts"
  }
}