{
  "__type__": "cc.AnimationClip",
  "_name": "run_1",
  "_objFlags": 0,
  "_native": "",
  "_duration": 0.4,
  "sample": 10,
  "speed": 1,
  "wrapMode": 2,
  "curveData": {
    "comps": {
      "cc.Sprite": {
        "spriteFrame": [
          {
            "frame": 0,
            "value": {
              "__uuid__": "0cdf6097-a703-4809-b443-e7bcd5775a99"
            }
          },
          {
            "frame": 0.1,
            "value": {
              "__uuid__": "b4b138a9-a655-4247-ab29-e08524beb37a"
            }
          },
          {
            "frame": 0.2,
            "value": {
              "__uuid__": "547cead2-ef4e-4da8-bfed-bc2e4c2e9ec4"
            }
          },
          {
            "frame": 0.3,
            "value": {
              "__uuid__": "7d8fb4b1-7453-4fed-a4e7-1d4ff20226fc"
            }
          }
        ]
      }
    }
  },
  "events": []
}